id;author;nbre_etoile;commentaire
1;navigating;ONE;Soft Wyoming
2;Refined Steel Bike bypassing reboot;TWO;Administrator
3;Investor Personal Loan Account;ONE;navigating innovate sexy
4;alarm Lilangeni;FOUR;Small Automotive
5;Terrace red Bedfordshire;THREE;Berkshire programming RSS
6;Technician;FIVE;Bolivar Fuerte methodologies
7;payment;THREE;Nevada Officer
8;pink synthesizing portal;FIVE;protocol input card
9;analyzing;FOUR;Concrete Hawaii bifurcated
10;Gloves matrix Massachusetts;FIVE;Orchestrator
