id;nom;prenom;adresse;email;date_naissance
1;reciprocal payment;Kuwait;Belize Dollar compressing Handcrafted;Kolby.Ryan83@hotmail.com;2020-08-11
2;array;foreground strategy Metrics;Money Market Account invoice;Adam_Kertzmann@gmail.com;2020-08-11
3;hard drive;fault-tolerant;programming online Kids;Rigoberto.Gleason@hotmail.com;2020-08-11
4;Jewelery superstructure;Security Licensed Maine;Legacy;Hunter_Medhurst@yahoo.com;2020-08-11
5;Wooden;Associate Solomon Islands Dollar;Savings Account Mouse back-end;Janet10@hotmail.com;2020-08-11
6;Music index;Dalasi;Idaho Villages Hryvnia;Eldridge7@hotmail.com;2020-08-11
7;Mountain;regional;Chair Via;Tina24@yahoo.com;2020-08-11
8;bandwidth Borders;Forward overriding Product;Avon global;Abraham.Durgan94@gmail.com;2020-08-12
9;dynamic;analyzing;Pants;Fay_Metz@hotmail.com;2020-08-11
10;reboot;Nicaragua Cambridgeshire;Cotton;Vivianne_Heathcote86@hotmail.com;2020-08-11
