id;nom;prenom;adresse;num_telephone;email
1;PNG unleash;orange array;Lithuanian Litas Spring;Garden;Frederik.Ortiz94@gmail.com
2;Neck;leverage synthesizing Investment Account;unleash;Designer Technician;Aiyana60@yahoo.com
3;backing up Automotive Books;mission-critical deposit;Guadeloupe Florida;Euro Concrete;Jana.Breitenberg@gmail.com
4;Chips;online;Inlet interactive;Cotton FTP primary;Gabrielle19@hotmail.com
5;Designer Home Function-based;navigate;superstructure Intelligent;plug-and-play benchmark Integrated;Jerald15@gmail.com
6;Chief Tasty Applications;cutting-edge Games New Leu;fault-tolerant Applications;Uzbekistan Sum;Nathaniel57@yahoo.com
7;invoice Flats quantify;Cambridgeshire program;Rustic Granite Salad;Plastic methodical Books;Scarlett25@hotmail.com
8;collaboration deposit Adaptive;Intranet Persevering;time-frame;systemic;Filomena_Nitzsche73@hotmail.com
9;transmit;mesh Greenland;eyeballs Lithuania;Handmade;Carli89@hotmail.com
10;Small calculating Democratic People's Republic of Korea;parse;interactive invoice;Designer;Amber48@hotmail.com
